Workbook

Sheet Randomization_Info
A1: PatientID | B1: Sex | C1: Baseline_Age | D1: Randomized | E1: Excl_Reason | F1: Tx_Arm | G1: Tx_Received | H1: Follow_Up | I1: Analyzed
A2: 101 | B2: M | C2: 52 | D2: 0 | E2: 3
A3: 102 | B3: F | C3: 31 | D3: 0 | E3: 1 | K3: VLOOKUP(A2,Demographics.xlsx!$A:$B,2,FALSE)
A4: 103 | B4: F | C4: 46 | D4: 0 | E4: 1
A5: 105 | B5: M | C5: 28 | D5: 1 | F5: A | G5: 1 | I5: 1
A6: 106 | B6: F | C6: 38 | D6: 1 | F6: B | G6: 1 | I6: 1 | K6: VLOOKUP(A2,Demographics.xlsx!$A:$C,3,FALSE)
A7: 107 | B7: F | C7: 35 | D7: 0 | E7: 2
A8: 108 | B8: F | C8: 27 | D8: 0 | E8: 1
A9: 109 | B9: M | C9: 19 | D9: 0 | E9: 1
A10: 110 | B10: M | C10: 33 | D10: 1 | F10: B | G10: 1 | I10: 1
A11: 111 | B11: F | C11: 30 | D11: 1 | F11: B | G11: 1 | I11: 1
A12: 113 | B12: M | C12: 35 | D12: 1 | F12: B | G12: 1 | I12: 1
A13: 114 | B13: M | C13: 47 | D13: 0 | E13: 1
A14: 115 | B14: F | C14: 52 | D14: 1 | F14: B | G14: 1 | I14: 1
A15: 116 | B15: M | C15: 48 | D15: 0 | E15: 3
A16: 117 | B16: M | C16: 52 | D16: 0 | E16: 3
A17: 118 | B17: F | C17: 34 | D17: 1 | F17: A | G17: 1 | I17: 1
A18: 120 | B18: F | C18: 22 | D18: 0 | E18: 2
A19: 121 | B19: F | C19: 53 | D19: 1 | F19: B | G19: 0 | I19: 1
A20: 122 | B20: M | C20: 34 | D20: 0 | E20: 1
A21: 123 | B21: M | C21: 36 | D21: 0 | E21: 1
A22: 124 | B22: F | C22: 53 | D22: 0 | E22: 2
A23: 125 | B23: M | C23: 37 | D23: 1 | F23: B | G23: 1 | I23: 1
A24: 126 | B24: M | C24: 44 | D24: 0 | E24: 3
A25: 127 | B25: F | C25: 45 | D25: 0 | E25: 1
A26: 128 | B26: F | C26: 46 | D26: 1 | F26: A | G26: 1 | I26: 1
A27: 129 | B27: F | C27: 47 | D27: 1 | F27: A | G27: 1 | I27: 1
A28: 130 | B28: F | C28: 40 | D28: 0 | E28: 1
A29: 131 | B29: M | C29: 41 | D29: 0 | E29: 1
A30: 132 | B30: F | C30: 20 | D30: 0 | E30: 1
A31: 134 | B31: M | C31: 37 | D31: 1 | F31: A | G31: 1 | I31: 1
A32: 135 | B32: F | C32: 25 | D32: 1 | F32: A | G32: 1 | I32: 1
A33: 136 | B33: F | C33: 40 | D33: 1 | F33: B | G33: 1 | I33: 1
A34: 137 | B34: M | C34: 26 | D34: 0 | E34: 3
A35: 138 | B35: M | C35: 18 | D35: 0 | E35: 2
A36: 139 | B36: M | C36: 47 | D36: 1 | F36: B | G36: 1 | H36: 2 | I36: 1
A37: 140 | B37: F | C37: 54 | D37: 0 | E37: 1
A38: 141 | B38: M | C38: 48 | D38: 0 | E38: 2
A39: 142 | B39: M | C39: 38 | D39: 0 | E39: 2
A40: 143 | B40: F | C40: 23 | D40: 0 | E40: 2
A41: 144 | B41: F | C41: 45 | D41: 1 | F41: B | G41: 1 | I41: 0
A42: 145 | B42: F | C42: 44 | D42: 1 | F42: A | G42: 1 | I42: 1
A43: 146 | B43: M | C43: 33 | D43: 1 | F43: A | G43: 1 | H43: 1 | I43: 1
A44: 148 | B44: M | C44: 23 | D44: 0 | E44: 1
A45: 149 | B45: F | C45: 18 | D45: 0 | E45: 3
A46: 150 | B46: M | C46: 33 | D46: 0 | E46: 1
A47: 151 | B47: F | C47: 32 | D47: 0 | E47: 1
A48: 152 | B48: M | C48: 28 | D48: 1 | F48: B | G48: 1 | I48: 1
A49: 153 | B49: M | C49: 23 | D49: 0 | E49: 1
A50: 154 | B50: F | C50: 52 | D50: 0 | E50: 2
A51: 155 | B51: M | C51: 29 | D51: 0 | E51: 3
A52: 156 | B52: M | C52: 29 | D52: 1 | F52: A | G52: 1 | I52: 1
A53: 157 | B53: M | C53: 35 | D53: 1 | F53: B | G53: 1 | I53: 1
A54: 158 | B54: F | C54: 33 | D54: 1 | F54: B | G54: 1 | I54: 1
A55: 159 | B55: M | C55: 29 | D55: 0 | E55: 3
A56: 160 | B56: F | C56: 54 | D56: 1 | F56: A | G56: 1 | I56: 1
A57: 161 | B57: F | C57: 54 | D57: 1 | F57: A | G57: 1 | I57: 1
A58: 162 | B58: M | C58: 46 | D58: 0 | E58: 2
A59: 163 | B59: M | C59: 28 | D59: 0 | E59: 3
A60: 164 | B60: M | C60: 54 | D60: 0 | E60: 3
A61: 165 | B61: F | C61: 51 | D61: 0 | E61: 1
A62: 166 | B62: F | C62: 30 | D62: 1 | F62: B | G62: 1 | I62: 1
A63: 167 | B63: F | C63: 41 | D63: 1 | F63: A | G63: 1 | I63: 1
A64: 168 | B64: F | C64: 32 | D64: 1 | F64: B | G64: 1 | I64: 1
A65: 169 | B65: F | C65: 33 | D65: 0 | E65: 3
A66: 170 | B66: F | C66: 54 | D66: 1 | F66: A | G66: 1 | I66: 1
A67: 171 | B67: M | C67: 40 | D67: 1 | F67: A | G67: 1 | I67: 1
A68: 172 | B68: M | C68: 55 | D68: 1 | F68: A | G68: 1 | I68: 1
A69: 173 | B69: F | C69: 43 | D69: 0 | E69: 1
A70: 174 | B70: M | C70: 49 | D70: 1 | F70: B | G70: 1 | I70: 1
A71: 175 | B71: F | C71: 33 | D71: 1 | F71: B | G71: 1 | I71: 1
A72: 176 | B72: F | C72: 23 | D72: 1 | F72: A | G72: 1 | H72: 2 | I72: 1
A73: 177 | B73: M | C73: 34 | D73: 1 | F73: B | G73: 1 | I73: 1
A74: 178 | B74: F | C74: 24 | D74: 0 | E74: 2
A75: 179 | B75: M | C75: 20 | D75: 0 | E75: 1
A76: 180 | B76: F | C76: 22 | D76: 0 | E76: 3
A77: 181 | B77: F | C77: 55 | D77: 0 | E77: 3
A78: 185 | B78: M | C78: 40 | D78: 0 | E78: 3
A79: 186 | B79: M | C79: 43 | D79: 0 | E79: 2
A80: 187 | B80: M | C80: 26 | D80: 0 | E80: 2
A81: 188 | B81: M | C81: 24 | D81: 0 | E81: 3
A82: 189 | B82: M | C82: 24 | D82: 1 | F82: B | G82: 1 | I82: 1
A83: 190 | B83: M | C83: 33 | D83: 1 | F83: B | G83: 1 | I83: 1
A84: 191 | B84: F | C84: 54 | D84: 1 | F84: A | G84: 1 | I84: 1
A85: 192 | B85: F | C85: 47 | D85: 0 | E85: 3
A86: 193 | B86: M | C86: 51 | D86: 1 | F86: A | G86: 1 | I86: 1
A87: 194 | B87: F | C87: 33 | D87: 0 | E87: 1
A88: 195 | B88: M | C88: 29 | D88: 1 | F88: B | G88: 1 | I88: 1
A89: 196 | B89: M | C89: 54 | D89: 1 | F89: B | G89: 0 | I89: 1
A90: 197 | B90: M | C90: 28 | D90: 1 | F90: A | G90: 1 | I90: 1
A91: 198 | B91: F | C91: 21 | D91: 0 | E91: 3
A92: 199 | B92: F | C92: 21 | D92: 0 | E92: 1
A93: 200 | B93: M | C93: 20 | D93: 1 | F93: A | G93: 1 | I93: 1
A94: 201 | B94: M | C94: 47 | D94: 1 | F94: B | G94: 1 | I94: 1
A95: 202 | B95: F | C95: 38 | D95: 0 | E95: 1
A96: 203 | B96: F | C96: 29 | D96: 1 | F96: B | G96: 1 | I96: 1
A97: 204 | B97: F | C97: 43 | D97: 1 | F97: A | G97: 1 | I97: 1
A98: 205 | B98: F | C98: 46 | D98: 0 | E98: 1
A99: 206 | B99: F | C99: 22 | D99: 1 | F99: B | G99: 1 | I99: 1
A100: 207 | B100: F | C100: 46 | D100: 1 | F100: B | G100: 1 | I100: 1
...

Sheet CONSORT
G2: Assessed for Eligibility
G3: =COUNT(Randomization_Info!A2:A180) -> 179
J5: Excluded (Not Randomized) | K5: =COUNTIF(Randomization_Info!D2:D180,0) -> 90
J6: Not Meeting Inclusion Criteria | K6: =COUNTIFS(Randomization_Info!$D$2:$D$180,0,Randomization_Info!$E$2:$E$180,1) -> 38
J7: Refused to Participate | K7: =COUNTIFS(Randomization_Info!$D$2:$D$180,0,Randomization_Info!$E$2:$E$180, 2) -> 18
J8: Other Reasons | K8: =COUNTIFS(Randomization_Info!$D$2:$D$180,0,Randomization_Info!$E$2:$E$180,3) + COUNTIFS(Randomization_Info!$D$2:$D$180,0,Randomization_Info!$E$2:$E$180,4) + COUNTIFS(Randomization_Info!$D$2:$D$180,0,Randomization_Info!$E$2:$E$180,5) -> 34
G12: Randomized
G13: =COUNTIF(Randomization_Info!D2:D180, 1) -> 89
C15: Treatment A (Experimental) | J15: Treatment B (Standard of Care)
C16: Allocated to Intervention (Total) | E16: =COUNTIFS(Randomization_Info!$D$2:$D$180,1,Randomization_Info!$F$2:$F$180,"A") -> 44 | J16: Allocated to Intervention (Total) | L16: =COUNTIFS(Randomization_Info!$D$2:$D$180,1,Randomization_Info!$F$2:$F$180,"B") -> 45
D17: Received Allocated Intervention | E17: =COUNTIFS(Randomization_Info!$D$2:$D$180,1,Randomization_Info!$F$2:$F$180,"A", Randomization_Info!$G$2:$G$180,1) -> 43 | K17: Received Allocated Intervention | L17: =COUNTIFS(Randomization_Info!$D$2:$D$180,1,Randomization_Info!$F$2:$F$180,"B", Randomization_Info!$G$2:$G$180,1) -> 43
D18: Did not Receive Allocated Intervention | E18: =COUNTIFS(Randomization_Info!$D$2:$D$180,1,Randomization_Info!$F$2:$F$180,"A", Randomization_Info!$G$2:$G$180, 0) -> 1 | K18: Did not Receive Allocated Intervention | L18: =COUNTIFS(Randomization_Info!$D$2:$D$180,1,Randomization_Info!$F$2:$F$180,"B", Randomization_Info!$G$2:$G$180,0) -> 2
C24: Follow-Up | J24: Follow-Up
D25: Lost to Follow-Up | E25: =COUNTIFS(Randomization_Info!$H$2:$H$180,1,Randomization_Info!$D$2:$D$180,1,Randomization_Info!$F$2:$F$180,"A",Randomization_Info!$G$2:$G$180,1) -> 2 | K25: Lost to Follow-Up | L25: =COUNTIFS(Randomization_Info!$H$2:$H$180,1,Randomization_Info!$D$2:$D$180,1,Randomization_Info!$F$2:$F$180,"B",Randomization_Info!$G$2:$G$180,1) -> 1
D26: Discontinued Intervention | E26: =COUNTIFS(Randomization_Info!$H$2:$H$180,2,Randomization_Info!$D$2:$D$180,1,Randomization_Info!$F$2:$F$180,"A",Randomization_Info!$G$2:$G$180,1) -> 1 | K26: Discontinued Intervention | L26: =COUNTIFS(Randomization_Info!$H$2:$H$180,2,Randomization_Info!$D$2:$D$180,1,Randomization_Info!$F$2:$F$180,"B",Randomization_Info!$G$2:$G$180,1) -> 1
C32: Analysis | J32: Analysis
D33: Analyzed | E33: =COUNTIFS(Randomization_Info!$I$2:$I$180,1,Randomization_Info!$D$2:$D$180,1,Randomization_Info!$F$2:$F$180,"A") -> 44 | K33: Analyzed | L33: =COUNTIFS(Randomization_Info!$I$2:$I$180,1,Randomization_Info!$D$2:$D$180,1,Randomization_Info!$F$2:$F$180,"B") -> 44
D34: Excluded from Analysis | E34: =COUNTIFS(Randomization_Info!$I$2:$I$180,0,Randomization_Info!$D$2:$D$180,1,Randomization_Info!$F$2:$F$180,"A") -> 0 | K34: Excluded from Analysis | L34: =COUNTIFS(Randomization_Info!$I$2:$I$180,0,Randomization_Info!$D$2:$D$180,1,Randomization_Info!$F$2:$F$180,"B") -> 1
C39: Descriptive Statistics for Analyzed Patients | J39: Descriptive Statistics for Analyzed Patients
D40: N | E40: Mean Age at Baseline (Years) | K40: N | L40: Mean Age at Baseline (Years)
C42: Males | D42: =COUNTIFS(Randomization_Info!$B$2:$B$180,"M",Randomization_Info!$D$2:$D$180,1,Randomization_Info!$F$2:$F$180,"A",Randomization_Info!$I$2:$I$180,1) -> 23 | E42: =AVERAGEIFS(Randomization_Info!$C$2:$C$180,Randomization_Info!$B$2:$B$180,"M",Randomization_Info!$D$2:$D$180,1,Randomization_Info!$F$2:$F$180,"A",Randomization_Info!$I$2:$I$180,1) -> 35.304348 | J42: Males | K42: =COUNTIFS(Randomization_Info!$B$2:$B$180,"M",Randomization_Info!$D$2:$D$180,1,Randomization_Info!$F$2:$F$180,"B",Randomization_Info!$I$2:$I$180,1) -> 22 | L42: =AVERAGEIFS(Randomization_Info!$C$2:$C$180,Randomization_Info!$B$2:$B$180,"M",Randomization_Info!$D$2:$D$180,1,Randomization_Info!$F$2:$F$180,"B",Randomization_Info!$I$2:$I$180,1) -> 37.363636
C43: Females | D43: =COUNTIFS(Randomization_Info!$B$2:$B$180,"F",Randomization_Info!$D$2:$D$180,1,Randomization_Info!$F$2:$F$180,"A",Randomization_Info!$I$2:$I$180,1) -> 21 | E43: =AVERAGEIFS(Randomization_Info!$C$2:$C$180,Randomization_Info!$B$2:$B$180,"F",Randomization_Info!$D$2:$D$180,1,Randomization_Info!$F$2:$F$180,"A",Randomization_Info!$I$2:$I$180,1) -> 39.190476 | J43: Females | K43: =COUNTIFS(Randomization_Info!$B$2:$B$180,"F",Randomization_Info!$D$2:$D$180,1,Randomization_Info!$F$2:$F$180,"B",Randomization_Info!$I$2:$I$180,1) -> 22 | L43: =AVERAGEIFS(Randomization_Info!$C$2:$C$180,Randomization_Info!$B$2:$B$180,"F",Randomization_Info!$D$2:$D$180,1,Randomization_Info!$F$2:$F$180,"B",Randomization_Info!$I$2:$I$180,1) -> 39.363636
